<?xml version="1.0" encoding="utf-8"?>
<extension type="component" version="3.0" method="upgrade">
    <name>com_imenik</name>
    <creationDate>2015-08-13</creationDate>
    <copyright>SoftClub Copyright (C) 2015. All rights reserved.</copyright>
    <license>GNU General Public License version 2 or later; see LICENSE.txt</license>
    <author>Aleksandar</author>
    <authorEmail>aca_fpi@hotmail.com</authorEmail>
    <authorUrl>http://softclub.rs</authorUrl>
    <version>1.0.0</version>
    <description>This is imenik, that means addressar</description>
    
    
    
    <install> <!-- Runs on install -->
        <sql>
            <file driver="mysql" charset="utf8">sql/install.mysql.utf8.sql</file>
        </sql>
    </install>
    <uninstall> <!-- Runs on uninstall -->
        <sql>
            <file driver="mysql" charset="utf8">sql/uninstall.mysql.utf8.sql</file>
        </sql>
    </uninstall>

    <files folder="site">
        <filename>index.html</filename>
        <filename>imenik.php</filename>
        <filename>controller.php</filename>
        <filename>router.php</filename>
        <folder>views</folder>
        <folder>models</folder>
        <folder>controllers</folder>
        <folder>helpers</folder>
        <folder>assets</folder>
    </files>
    <languages folder="languages/site">
        
			<language tag="en-GB">en-GB/en-GB.com_imenik.ini</language>
    </languages>
    <administration>
        <menu img="components/com_imenik/assets/images/s_com_imenik.png" >COM_IMENIK</menu>
        <submenu>
            
			<menu link="option=com_imenik&amp;view=firms" view="firms" img="components/com_imenik/assets/images/s_firms.png" alt="Imenik/Firms">COM_IMENIK_TITLE_FIRMS</menu>

        </submenu>
        <files folder="administrator">
            <filename>access.xml</filename>
            <filename>config.xml</filename>
            <filename>controller.php</filename>
            <filename>index.html</filename>
            <filename>imenik.php</filename>
            <folder>controllers</folder>
            <folder>assets</folder>
            <folder>helpers</folder>
            <folder>models</folder>
            <folder>sql</folder>
            <folder>tables</folder>
            <folder>views</folder>
        </files>
        <languages folder="languages/administrator">
            
			<language tag="en-GB">en-GB/en-GB.com_imenik.ini</language>
			<language tag="en-GB">en-GB/en-GB.com_imenik.sys.ini</language>
        </languages>
    </administration>
    <plugins>
        <plugin group="search" plugin="imenik"/>
    </plugins>
    
</extension>
<!-- Component built by the Joomla Component Creator -->
<!-- http://www.component-creator.com/ -->
